<application>
  <component name="TipsStore">
    <option name="globalFirstStartUp" value="false" />
    <entry projectPath="$USER_HOME$/Downloads/MyBatis-Plus-Example-master/MyBatis-Plus-Example-master" startUpFlag="FIRST" />
    <entry projectPath="$USER_HOME$/Downloads/api-result-master/api-result-master" startUpFlag="FIRST" />
    <entry projectPath="$USER_HOME$/Downloads/qfsz168-spBase-master/spBase" startUpFlag="FIRST" />
    <entry projectPath="$USER_HOME$/Downloads/spring-boot-demo-master/spring-boot-demo-master" startUpFlag="FIRST" />
    <entry projectPath="$USER_HOME$/Downloads/spring-data-mybatis-mini-master/spring-data-mybatis-mini-master" startUpFlag="FIRST" />
    <entry projectPath="$USER_HOME$/Downloads/springboot-demo-master/springboot-demo-master" startUpFlag="FIRST" />
    <entry projectPath="$USER_HOME$/Downloads/springboot-test-redis-master/springboot-test-redis-master" startUpFlag="FIRST" />
    <entry projectPath="D:/Code/Code/cloud/account/account_api" startUpFlag="FIRST" />
    <entry projectPath="D:/Code/Code/cloud/account/account_api/account_api" startUpFlag="FIRST" />
    <entry projectPath="D:/Code/Code/cloud/opens/opens_api/opens_api" startUpFlag="FIRST" />
    <entry projectPath="D:/Code/Code/edu/account_api" startUpFlag="FIRST" />
    <entry projectPath="D:/Code/Code/server/live/s_live_api_2/s_live_api" startUpFlag="FIRST" />
    <entry projectPath="D:/Code/Github/java-demo" startUpFlag="FIRST" />
    <entry projectPath="D:/Code/Github/spring-boot-2-api" startUpFlag="FIRST" />
    <entry projectPath="D:/Code/Github/spring-boot-2-api/account" startUpFlag="FIRST" />
    <entry projectPath="D:/Code/Github/thinkphp6-api" startUpFlag="FIRST" />
  </component>
</application>