<application>
  <component name="FileTypeManager" version="18">
    <extensionMap>
      <mapping ext="klib" type="ARCHIVE" />
      <mapping pattern="AppConfig.java" type="AUTO_DETECTED" />
      <mapping ext="gradle.kts" type="Kotlin" />
      <mapping ext="main.kts" type="Kotlin" />
      <removed_mapping ext="apk" approved="true" type="ARCHIVE" />
      <removed_mapping ext="json" approved="true" type="JSON" />
      <removed_mapping ext="psd" approved="true" type="Image" />
      <removed_mapping ext="yaml" approved="true" type="YAML" />
    </extensionMap>
  </component>
</application>