<application>
  <component name="TipsStore">
    <option name="globalFirstStartUp" value="false" />
    <entry projectPath="$USER_HOME$/AppData/Local/Temp/com.docker.cli.exe" startUpFlag="FIRST" />
    <entry projectPath="$USER_HOME$/AppData/Local/Temp/index.html" startUpFlag="FIRST" />
    <entry projectPath="$USER_HOME$/Desktop/day10-RocketMQ集群、分布式WebSocket实现以及地图找房功能实现/day10-RocketMQ集群、分布式WebSocket实现以及地图找房功能实现/代码" startUpFlag="FIRST" />
    <entry projectPath="$USER_HOME$/Desktop/interact_php" startUpFlag="FIRST" />
    <entry projectPath="$USER_HOME$/Desktop/portal_ui_1.3.5/portal_ui_1.3.5" startUpFlag="FIRST" />
    <entry projectPath="$USER_HOME$/Downloads/distributed-websocket" startUpFlag="FIRST" />
    <entry projectPath="$USER_HOME$/Downloads/dubbo-spring-boot-project-3.0.x/dubbo-spring-boot-project-3.0.x" startUpFlag="FIRST" />
    <entry projectPath="$USER_HOME$/Downloads/easyexcel-master/easyexcel-master" startUpFlag="FIRST" />
    <entry projectPath="$USER_HOME$/Downloads/ffmpeg-common-master/ffmpeg-common-master" startUpFlag="FIRST" />
    <entry projectPath="$USER_HOME$/Downloads/livemanager_srs-master/livemanager_srs-master" startUpFlag="FIRST" />
    <entry projectPath="$USER_HOME$/Downloads/mall-master/mall-master" startUpFlag="FIRST" />
    <entry projectPath="$USER_HOME$/Downloads/micro-service-master/micro-service-master" startUpFlag="FIRST" />
    <entry projectPath="$USER_HOME$/Downloads/rocketmq-spring-rocketmq-spring-all-2.2.0/rocketmq-spring-boot-samples" startUpFlag="FIRST" />
    <entry projectPath="$USER_HOME$/Downloads/spring-boot-starter-master/spring-boot-starter-master" startUpFlag="FIRST" />
    <entry projectPath="$USER_HOME$/Downloads/src" startUpFlag="FIRST" />
    <entry projectPath="D:/Code/Code/cloud/account/account_api/account_api" startUpFlag="FIRST" />
    <entry projectPath="D:/Code/Code/cloud/edu/edu_api/edu_api" startUpFlag="FIRST" />
    <entry projectPath="D:/Code/Code/cloud/opens/opens_api/opens_api" startUpFlag="FIRST" />
    <entry projectPath="D:/Code/Code/cloud/pan/pan_api/pan_api" startUpFlag="FIRST" />
    <entry projectPath="D:/Code/Code/cloud/s_live_2/s_live_api" startUpFlag="FIRST" />
    <entry projectPath="D:/Code/Code/edu/api_admin" startUpFlag="FIRST" />
    <entry projectPath="D:/Code/Code/edu/api_web" startUpFlag="FIRST" />
    <entry projectPath="D:/Code/Code/edu/interact" startUpFlag="FIRST" />
    <entry projectPath="D:/Code/Code/edu/interact_php" startUpFlag="FIRST" />
    <entry projectPath="D:/Code/Code/hacfin/HacfinCloudAPI/HacfinCloudAPI" startUpFlag="FIRST" />
    <entry projectPath="D:/Code/Code/server/img/s_img_api/s_img_api" startUpFlag="FIRST" />
    <entry projectPath="D:/Code/Code/server/live/s_live_api/s_live_api" startUpFlag="FIRST" />
    <entry projectPath="D:/Code/Code/server/live/s_live_api_2/s_live_api" startUpFlag="FIRST" />
    <entry projectPath="D:/Code/Github/java-demo" startUpFlag="FIRST" />
    <entry projectPath="D:/Code/Github/langya-tech/jdk" startUpFlag="FIRST" />
    <entry projectPath="D:/Code/Github/langya-tech/spring-boot" startUpFlag="FIRST" />
    <entry projectPath="D:/Code/Github/spring-boot-2-api" startUpFlag="FIRST" />
  </component>
</application>