<application>
  <component name="TipsStore">
    <option name="globalFirstStartUp" value="false" />
    <entry projectPath="$USER_HOME$/AppData/Local/Temp/README.md" startUpFlag="FIRST" />
    <entry projectPath="$USER_HOME$/AppData/Local/Temp/memory-area.md" startUpFlag="FIRST" />
    <entry projectPath="$USER_HOME$/Desktop/src" startUpFlag="FIRST" />
    <entry projectPath="$USER_HOME$/Downloads/MyBatis-Plus-Example-master/MyBatis-Plus-Example-master" startUpFlag="FIRST" />
    <entry projectPath="$USER_HOME$/Downloads/api-result-master/api-result-master" startUpFlag="FIRST" />
    <entry projectPath="$USER_HOME$/Downloads/day10-RocketMQ集群、分布式WebSocket实现以及地图找房功能实现/day10-RocketMQ集群、分布式WebSocket实现以及地图找房功能实现/代码/代码" startUpFlag="FIRST" />
    <entry projectPath="$USER_HOME$/Downloads/distributed-websocket-master/distributed-websocket-master" startUpFlag="FIRST" />
    <entry projectPath="$USER_HOME$/Downloads/mall-master/mall-master" startUpFlag="FIRST" />
    <entry projectPath="$USER_HOME$/Downloads/qfsz168-spBase-master/spBase" startUpFlag="FIRST" />
    <entry projectPath="$USER_HOME$/Downloads/spring-boot-demo-master/spring-boot-demo-master" startUpFlag="FIRST" />
    <entry projectPath="$USER_HOME$/Downloads/spring-data-mybatis-mini-master/spring-data-mybatis-mini-master" startUpFlag="FIRST" />
    <entry projectPath="$USER_HOME$/Downloads/springboot-demo-master/springboot-demo-master" startUpFlag="FIRST" />
    <entry projectPath="$USER_HOME$/Downloads/springboot-test-redis-master/springboot-test-redis-master" startUpFlag="FIRST" />
    <entry projectPath="D:/Code/Code/cloud/account/account_api" startUpFlag="FIRST" />
    <entry projectPath="D:/Code/Code/cloud/account/account_api/account_api" startUpFlag="FIRST" />
    <entry projectPath="D:/Code/Code/cloud/opens/opens_api/opens_api" startUpFlag="FIRST" />
    <entry projectPath="D:/Code/Code/edu/account_api" startUpFlag="FIRST" />
    <entry projectPath="D:/Code/Code/server/live/s_live_api_2/s_live_api" startUpFlag="FIRST" />
    <entry projectPath="D:/Code/Github/java-demo" startUpFlag="FIRST" />
    <entry projectPath="D:/Code/Github/spring-boot-2-api" startUpFlag="FIRST" />
    <entry projectPath="D:/Code/Github/spring-boot-2-api/account" startUpFlag="FIRST" />
    <entry projectPath="D:/Code/Github/thinkphp6-api" startUpFlag="FIRST" />
    <entry projectPath="E:/Code/Code/cloud/opens_api/opens_api" startUpFlag="FIRST" />
    <entry projectPath="E:/Code/Code/edu" startUpFlag="FIRST" />
    <entry projectPath="E:/Code/Code/edu/edu_admin" startUpFlag="FIRST" />
    <entry projectPath="E:/Code/Code/edu/edu_api" startUpFlag="FIRST" />
    <entry projectPath="E:/Code/Code/edu/interact" startUpFlag="FIRST" />
    <entry projectPath="E:/Code/Github/java-demo" startUpFlag="FIRST" />
    <entry projectPath="E:/Code/Github/langya-tech/jdk" startUpFlag="FIRST" />
    <entry projectPath="E:/Code/Github/langya-tech/spring-boot" startUpFlag="FIRST" />
    <entry projectPath="E:/Code/Github/langya-tech/spring-cloud" startUpFlag="FIRST" />
    <entry projectPath="E:/Code/Github/spring-boot-2-api" startUpFlag="FIRST" />
    <entry projectPath="E:/Code/Github/spring-cloud-api" startUpFlag="FIRST" />
    <entry projectPath="E:/Code/RefCode/cloud-alibaba" startUpFlag="FIRST" />
    <entry projectPath="E:/Code/RefCode/jeecg-boot" startUpFlag="FIRST" />
    <entry projectPath="E:/Code/RefCode/spring-cloud-alibaba" startUpFlag="FIRST" />
    <entry projectPath="E:/Code/RefCode/spring-cloud-alibaba/spring-cloud-alibaba-examples" startUpFlag="FIRST" />
    <entry projectPath="E:/Code/RefCode/spring-cloud-alibaba/spring-cloud-alibaba-examples/nacos-example" startUpFlag="FIRST" />
    <entry projectPath="E:/Code/pansoft/osp-demo" startUpFlag="FIRST" />
  </component>
</application>