<application>
  <component name="AppStorage">
    <option name="newTranslationDialogWidth" value="598" />
    <option name="newTranslationDialogX" value="476" />
    <option name="newTranslationDialogY" value="274" />
    <histories>
      <item value="语音朗读、单词本" />
      <item value="message" />
    </histories>
    <option name="languageScores">
      <map>
        <entry key="CHINESE" value="4" />
        <entry key="ENGLISH" value="5" />
      </map>
    </option>
  </component>
  <component name="Cache">
    <option name="lastTrimTime" value="1638484594645" />
  </component>
</application>