<application>
  <component name="UpdatesConfigurable">
    <ignoredBuildNumbers>
      <item value="201.7223.91" />
      <item value="202.7660.26" />
      <item value="202.8194.7" />
      <item value="202.7319.50" />
      <item value="203.7148.57" />
    </ignoredBuildNumbers>
    <option name="LAST_BUILD_CHECKED" value="IU-212.5712.43" />
    <option name="LAST_TIME_CHECKED" value="1647585556021" />
    <pluginHosts>
      <item value="https://plugins.zhile.io" />
      <item value="https://repo.idechajian.com" />
    </pluginHosts>
    <option name="THIRD_PARTY_PLUGINS_ALLOWED" value="true" />
  </component>
</application>